"","MONTH","PRCP","TMAX","TMIN","TAVG","Pneumonia_and_Flu_Deaths","YEAR","month_only"
"1","1962-01",1.73,58.7738095238095,37.5238095238095,48.1488095238095,25,1962,1
"2","1962-02",0.53,75.3928571428572,51.8571428571428,63.625,19,1962,2
"3","1962-03",1.12,70.1142857142857,47.7714285714286,58.9428571428572,18,1962,3
"4","1962-04",4.62,77.4285714285714,57.2857142857143,67.3571428571429,17,1962,4
"5","1962-05",0.85,85.6428571428572,64.3928571428572,75.0178571428572,9,1962,5
"6","1962-06",7.89,88.2285714285714,71.4857142857143,79.8571428571429,21,1962,6
"7","1962-07",0.07,94,74,84,5,1962,7
"8","1962-08",2.31,97.7142857142856,74.5714285714286,86.1428571428572,14,1962,8
"9","1962-09",4.43,90.9428571428572,72.7714285714286,81.8571428571428,12,1962,9
"10","1962-10",2.22,86.5357142857143,65.6071428571428,76.0714285714286,12,1962,10
"11","1962-11",3.83,71.1071428571429,50.3928571428572,60.75,13,1962,11
"12","1962-12",7.53,64.6857142857143,47.0857142857143,55.8857142857143,19,1962,12
"13","1963-01",2.98,58.4642857142857,37.9642857142857,48.2142857142857,25,1963,1
"14","1963-02",2.67,62.25,40.5714285714286,51.4107142857143,25,1963,2
"15","1963-03",0.59,74.2285714285714,52.7714285714286,63.5,55,1963,3
"16","1963-04",0.7,83.6785714285714,64.1071428571429,73.8928571428571,23,1963,4
"17","1963-05",0.27,87.5,65.8928571428571,76.6964285714286,13,1963,5
"18","1963-06",7.3,92.4,71.5714285714286,81.9857142857143,26,1963,6
"19","1963-07",3.11,93.1071428571428,74.8928571428572,84,14,1963,7
"20","1963-08",1.88,94.8571428571429,73.9428571428571,84.4,20,1963,8
"21","1963-09",1.94,90.1785714285714,72.0357142857143,81.1071428571429,12,1963,9
"22","1963-10",0.3,87.2142857142857,63.5,75.3571428571429,17,1963,10
"23","1963-11",5.72,75.3714285714286,54.6857142857143,65.0285714285714,12,1963,11
"24","1963-12",4.83,57.6428571428571,37.1785714285714,47.4107142857143,12,1963,12
"25","1964-01",1.89,59.75,39.8928571428572,49.8214285714286,34,1964,1
"26","1964-02",5.97,59.4857142857143,41.4285714285714,50.4571428571429,29,1964,2
"27","1964-03",2.24,70.5357142857143,50.1785714285714,60.3571428571429,19,1964,3
"28","1964-04",1.4,77,61.2857142857143,69.1428571428572,24,1964,4
"29","1964-05",1.6,84.1428571428572,66.2285714285714,75.1857142857143,18,1964,5
"30","1964-06",2.16,89.2142857142857,70.7142857142857,79.9642857142857,10,1964,6
"31","1964-07",1.64,93.7857142857143,73.3571428571428,83.5714285714286,13,1964,7
"32","1964-08",3.26,93.1714285714286,75.1428571428572,84.1571428571429,33,1964,8
"33","1964-09",5.25,89.4285714285714,72.1071428571429,80.7678571428571,15,1964,9
"34","1964-10",3.86,79.2857142857143,56.9714285714286,68.1285714285714,32,1964,10
"35","1964-11",4.28,75.6071428571428,55.7142857142857,65.6607142857143,19,1964,11
"36","1964-12",5.57,63.75,44.4642857142857,54.1071428571429,16,1964,12
"37","1965-01",1.87,68.8571428571428,46.5428571428571,57.7,34,1965,1
"38","1965-02",3.22,64.3928571428572,44.1071428571428,54.25,28,1965,2
"39","1965-03",0.67,68.75,46.5,57.625,45,1965,3
"40","1965-04",0.96,82.2142857142857,65,73.6071428571428,26,1965,4
"41","1965-05",6.65,84.2571428571429,67.1428571428572,75.7,20,1965,5
"42","1965-06",3.05,91.2857142857143,73.5714285714286,82.4285714285714,16,1965,6
"43","1965-07",1.64,94.7428571428571,75.3714285714286,85.0571428571429,7,1965,7
"44","1965-08",2.29,92.9642857142857,73.8214285714286,83.3928571428572,36,1965,8
"45","1965-09",3.27,92.2142857142857,73.3214285714286,82.7678571428571,17,1965,9
"46","1965-10",3.38,80.3428571428572,59.9428571428571,70.1428571428571,25,1965,10
"47","1965-11",4.77,79,61.2142857142858,70.1071428571428,17,1965,11
"48","1965-12",6.16,67.8571428571428,50.2857142857143,59.0714285714286,32,1965,12
"49","1966-01",4.39,58.6571428571429,41.9142857142857,50.2857142857143,37,1966,1
"50","1966-02",7.85,61.6428571428572,42.3214285714285,51.9821428571428,34,1966,2
"51","1966-03",0.45,70.5714285714286,50.3928571428572,60.4821428571428,38,1966,3
"52","1966-04",9.74,78.4,60.7714285714286,69.5857142857143,40,1966,4
"53","1966-05",10.75,82.9642857142857,68.1785714285714,75.5714285714286,25,1966,5
"54","1966-06",4.57,88.4642857142857,70.75,79.6071428571429,16,1966,6
"55","1966-07",1.73,92.3142857142857,75.0857142857143,83.7,21,1966,7
"56","1966-08",6.43,90.3214285714286,74.8928571428572,82.6071428571428,19,1966,8
"57","1966-09",4.72,89.2857142857143,71,80.1428571428572,10,1966,9
"58","1966-10",5.45,81.8857142857143,60.8,71.3428571428572,16,1966,10
"59","1966-11",1.55,76.5357142857143,56.0357142857143,66.2857142857143,22,1966,11
"60","1966-12",1.54,64.9428571428571,43.6857142857143,54.3142857142857,22,1966,12
"61","1967-01",2.41,64.3928571428571,43.75,54.0714285714286,32,1967,1
"62","1967-02",1.97,67.75,42.25,55,22,1967,2
"63","1967-03",1.93,76.25,54.2857142857143,65.2678571428572,31,1967,3
"64","1967-04",4.52,84.3714285714286,65.8857142857143,75.1285714285714,26,1967,4
"65","1967-05",1.32,85.4642857142857,65.6071428571428,75.5357142857143,22,1967,5
"66","1967-06",1.39,91.5,71.6428571428571,81.5714285714286,11,1967,6
"67","1967-07",7.77,92.3428571428571,72.6285714285714,82.4857142857143,22,1967,7
"68","1967-08",1.6,89.8214285714286,72.6071428571428,81.2142857142857,8,1967,8
"69","1967-09",4.84,86.6285714285714,69.5714285714286,78.1,20,1967,9
"70","1967-10",2.32,83.2142857142857,59.3571428571428,71.2857142857143,25,1967,10
"71","1967-11",1.36,74.3571428571428,52.9642857142857,63.6607142857143,20,1967,11
"72","1967-12",4.99,66.2,48.1428571428572,57.1714285714286,30,1967,12
"73","1968-01",7.92,58,42.5357142857143,50.2678571428572,45,1968,1
"74","1968-02",2,61.5357142857143,42.3928571428571,51.9642857142857,56,1968,2
"75","1968-03",3.04,69.3142857142857,46.9714285714286,58.1428571428571,52,1968,3
"76","1968-04",2.89,79.5714285714286,62.2857142857143,70.9285714285714,28,1968,4
"77","1968-05",10.7,84.4285714285714,66.8214285714286,75.625,16,1968,5
"78","1968-06",13.85,87.4285714285714,72.2571428571429,79.8428571428571,14,1968,6
"79","1968-07",6.14,90.1428571428572,74.3928571428571,82.2678571428572,16,1968,7
"80","1968-08",3.25,92.6857142857143,75.1142857142857,83.9,11,1968,8
"81","1968-09",3.87,87.4642857142857,69.7142857142857,78.5892857142857,9,1968,9
"82","1968-10",3.91,84.1071428571428,64.4285714285714,74.2678571428572,12,1968,10
"83","1968-11",2.71,72.8571428571428,49.7142857142857,61.2857142857143,20,1968,11
"84","1968-12",1.02,66,45.25,55.625,15,1968,12
"85","1969-01",2.65,64.1785714285714,45.1785714285714,54.6785714285714,51,1969,1
"86","1969-02",5.55,65.9642857142857,50.25,58.1071428571429,58,1969,2
"87","1969-03",3.2,65.3428571428571,46.8571428571429,56.1,29,1969,3
"88","1969-04",2.47,79.2857142857143,61.1785714285714,70.2321428571429,19,1969,4
"89","1969-05",5.6,83.5714285714286,65.5428571428571,74.5571428571428,31,1969,5
"90","1969-06",1.89,90.2857142857143,71.4642857142857,80.875,19,1969,6
"91","1969-07",3.92,95.2142857142857,75.75,85.4821428571428,18,1969,7
"92","1969-08",2.37,95.3142857142857,75.6,85.4571428571428,30,1969,8
"93","1969-09",4.15,90.7142857142857,72.0714285714286,81.3928571428571,14,1969,9
"94","1969-10",2.23,85.75,65.75,75.75,12,1969,10
"95","1969-11",3.68,73.5428571428572,51.2,62.3714285714286,21,1969,11
"96","1969-12",4.32,68.7857142857143,46.7857142857143,57.7857142857143,9,1969,12
"97","1970-01",2.92,57.9714285714286,39.4857142857143,48.7285714285714,40,1970,1
"98","1970-02",3.02,67.6785714285714,45.5714285714286,56.625,55,1970,2
"99","1970-03",5.23,68.6071428571429,48.8928571428572,58.75,29,1970,3
"100","1970-04",2.55,78.8928571428571,60.3928571428571,69.6428571428572,24,1970,4
"101","1970-05",14.08,82.4857142857143,66.1714285714286,74.3285714285714,27,1970,5
"102","1970-06",2.55,88.8214285714286,70.9642857142857,79.8928571428571,19,1970,6
"103","1970-07",3,92.8214285714286,74.25,83.5357142857143,15,1970,7
"104","1970-08",2.87,93.4857142857143,74.9714285714286,84.2285714285714,22,1970,8
"105","1970-09",9.88,89.8571428571428,74.7857142857143,82.3214285714286,18,1970,9
"106","1970-10",8.37,79.7428571428571,59.2,69.4714285714286,18,1970,10
"107","1970-11",1.78,70.4285714285714,45.9642857142857,58.1964285714286,14,1970,11
"108","1970-12",0.29,73.3928571428572,53.1071428571428,63.25,20,1970,12
"109","1971-01",0.4,69.2,48.4,58.8,31,1971,1
"110","1971-02",1.54,69.6071428571428,45.9285714285714,57.7678571428571,32,1971,2
"111","1971-03",1.36,74.3928571428571,49.2857142857143,61.8392857142857,26,1971,3
"112","1971-04",1.8,77.5357142857143,55.6785714285714,66.6071428571428,20,1971,4
"113","1971-05",2.12,83,65.9428571428572,74.4714285714286,17,1971,5
"114","1971-06",1.38,90.7142857142857,70.8928571428572,80.8035714285714,16,1971,6
"115","1971-07",3.83,94.0285714285714,73.7428571428572,83.8857142857143,22,1971,7
"116","1971-08",6.85,89.6785714285714,73.2142857142857,81.4464285714286,27,1971,8
"117","1971-09",7.67,86.6071428571428,72.2142857142857,79.4107142857143,13,1971,9
"118","1971-10",2.15,83.8285714285714,66.5428571428571,75.1857142857143,21,1971,10
"119","1971-11",2.24,74,53.5,63.75,15,1971,11
"120","1971-12",5.75,68.25,52.0357142857143,60.1428571428571,34,1971,12
"121","1972-01",2.24,71.5142857142857,51.6,61.5571428571429,58,1972,1
"122","1972-02",3.25,66.4642857142857,45.5357142857143,56,49,1972,2
"123","1972-03",1.3,76.4285714285714,55.5357142857143,65.9821428571428,37,1972,3
"124","1972-04",6.98,81.8857142857143,61.6857142857143,71.7857142857143,23,1972,4
"125","1972-05",7.62,83.8571428571428,66.3928571428572,75.125,18,1972,5
"126","1972-06",5.92,89.6071428571429,71.8928571428571,80.75,17,1972,6
"127","1972-07",4.64,90.8857142857143,74.6,82.7428571428571,21,1972,7
"128","1972-08",2.99,92.0357142857143,73.8928571428571,82.9642857142857,15,1972,8
"129","1972-09",7.14,90.8571428571429,74.0571428571429,82.4571428571429,30,1972,9
"130","1972-10",1.48,80.8928571428571,61.75,71.3214285714286,18,1972,10
"131","1972-11",8.6,67.4642857142857,51.9642857142857,59.7142857142857,20,1972,11
"132","1972-12",1.22,65.5428571428571,43.3142857142857,54.4285714285714,27,1972,12
"133","1973-01",4.42,58.6071428571428,41.0357142857143,49.8214285714286,42,1973,1
"134","1973-02",3.61,62.5,41.7857142857143,52.1428571428572,47,1973,2
"135","1973-03",4.59,74.8,55.4857142857143,65.1428571428571,37,1973,3
"136","1973-04",10.49,74.5357142857143,57.3214285714286,65.9285714285714,24,1973,4
"137","1973-05",3.6,83.6785714285714,64.9285714285714,74.3035714285714,24,1973,5
"138","1973-06",14.71,88.4857142857143,72.2857142857143,80.3857142857143,23,1973,6
"139","1973-07",9.38,92.3571428571429,75.1785714285714,83.7678571428572,16,1973,7
"140","1973-08",3.01,89.6785714285714,74.5,82.0892857142857,13,1973,8
"141","1973-09",10.67,87.6285714285714,72.8857142857143,80.2571428571429,22,1973,9
"142","1973-10",11.11,84.3214285714286,66.4285714285714,75.375,29,1973,10
"143","1973-11",1.74,80.1071428571429,59.6071428571429,69.8571428571428,19,1973,11
"144","1973-12",3.26,68.6857142857143,45.4571428571429,57.0714285714286,32,1973,12
"145","1974-01",4.64,64.8928571428571,48.8571428571428,56.875,26,1974,1
"146","1974-02",1.55,71.3214285714286,47.6428571428572,59.4821428571428,24,1974,2
"147","1974-03",4.54,74.7142857142857,56.7428571428571,65.7285714285714,32,1974,3
"148","1974-04",2.61,78.9285714285714,60,69.4642857142857,34,1974,4
"149","1974-05",5.4,85.3571428571428,68.7857142857143,77.0714285714286,31,1974,5
"150","1974-06",4.59,89.9428571428571,72.1142857142857,81.0285714285714,26,1974,6
"151","1974-07",4.46,92.5714285714286,73.4642857142857,83.0178571428572,16,1974,7
"152","1974-08",9.37,91.4857142857143,74.6571428571429,83.0714285714286,22,1974,8
"153","1974-09",4.48,84.9642857142857,68.5,76.7321428571429,13,1974,9
"154","1974-10",0.75,82.8214285714286,61.6071428571429,72.2142857142858,13,1974,10
"155","1974-11",12.39,73.0571428571429,55.1714285714286,64.1142857142857,19,1974,11
"156","1974-12",2.99,64.7142857142857,44.75,54.7321428571429,26,1974,12
"157","1975-01",3.68,66.7142857142857,46.5714285714286,56.6428571428571,32,1975,1
"158","1975-02",1.02,70.3571428571428,51.1785714285715,60.7678571428572,55,1975,2
"159","1975-03",2.33,72.8571428571429,52.6285714285714,62.7428571428572,27,1975,3
"160","1975-04",3.99,75.0714285714286,59,67.0357142857143,27,1975,4
"161","1975-05",7.81,84.9142857142857,69.0285714285714,76.9714285714286,17,1975,5
"162","1975-06",9.26,89.7142857142857,73,81.3571428571428,25,1975,6
"163","1975-07",2.25,91.4285714285714,73.7142857142857,82.5714285714286,19,1975,7
"164","1975-08",8.86,91.0285714285714,73.9142857142857,82.4714285714286,22,1975,8
"165","1975-09",0.64,87.6607142857143,69.1369047619048,78.3988095238095,22,1975,9
"166","1975-10",6.03,83.8214285714286,59.3928571428571,71.6071428571429,19,1975,10
"167","1975-11",1.62,74.4571428571429,52.8,63.6285714285714,21,1975,11
"168","1975-12",1.61,64.5,44.4285714285714,54.4642857142857,27,1975,12
"169","1976-01",2.27,64.0571428571429,41.0857142857143,52.5714285714286,36,1976,1
"170","1976-02",0.43,73.3928571428572,49.2142857142857,61.3035714285714,31,1976,2
"171","1976-03",3.24,72.1785714285714,56.1785714285714,64.1785714285714,74,1976,3
"172","1976-04",2.18,78.4642857142857,60.0357142857143,69.25,22,1976,4
"173","1976-05",4.05,81.9428571428571,61.5428571428571,71.7428571428571,25,1976,5
"174","1976-06",15.88,87.4642857142857,70.0714285714286,78.7678571428572,18,1976,6
"175","1976-07",11.27,89.8857142857143,74.3714285714286,82.1285714285714,19,1976,7
"176","1976-08",3.77,93.2857142857143,72.8214285714286,83.0535714285714,22,1976,8
"177","1976-09",4.37,88.6428571428571,71.0357142857143,79.8392857142857,17,1976,9
"178","1976-10",7.88,73.8857142857143,54.8,64.3428571428571,18,1976,10
"179","1976-11",5.86,64.8571428571428,46.6428571428572,55.75,12,1976,11
"180","1976-12",8.63,58.0357142857143,40.3214285714286,49.1785714285714,18,1976,12
"181","1977-01",1.89,55.7428571428572,36.2571428571429,46,28,1977,1
"182","1977-02",4.46,64.4285714285714,44.6071428571428,54.5178571428572,22,1977,2
"183","1977-03",1.71,71.2857142857143,51.2142857142857,61.25,26,1977,3
"184","1977-04",6.27,78.3142857142857,57.6,67.9571428571428,15,1977,4
"185","1977-05",1.98,85.4285714285714,66.6428571428571,76.0357142857143,10,1977,5
"186","1977-06",3.99,92.1428571428572,72.9642857142857,82.5535714285714,12,1977,6
"187","1977-07",3.74,93.6571428571429,74.6,84.1285714285714,13,1977,7
"188","1977-08",2.63,93.4285714285714,76.8214285714286,85.125,16,1977,8
"189","1977-09",5.6,90.8214285714286,72.9642857142857,81.8928571428572,14,1977,9
"190","1977-10",1.16,84.5428571428571,62.7142857142857,73.6285714285714,11,1977,10
"191","1977-11",4.22,74.9642857142857,54.2142857142857,64.5892857142857,13,1977,11
"192","1977-12",4.14,66.7714285714286,46,56.3857142857143,14,1977,12
"193","1978-01",7.17,50.8928571428571,36.5,43.6964285714286,18,1978,1
"194","1978-02",4.21,52.2857142857143,35.7857142857143,44.0357142857143,31,1978,2
"195","1978-03",0.87,70.0714285714286,47.2857142857143,58.6785714285714,32,1978,3
"196","1978-04",0.91,77.8,56.3142857142857,67.0571428571429,17,1978,4
"197","1978-05",0.31,87.6428571428571,66.75,77.1964285714286,17,1978,5
"198","1978-06",6.18,90.5714285714286,71.7857142857143,81.1785714285714,12,1978,6
"199","1978-07",3.23,93.5142857142857,74.7142857142857,84.1142857142857,12,1978,7
"200","1978-08",2.24,93.5714285714286,74.4642857142857,84.0178571428571,10,1978,8
"201","1978-09",9.24,87.5142857142857,72.2285714285714,79.8714285714286,26,1978,9
"202","1978-10",0,82.3928571428571,58.5,70.4464285714286,10,1978,10
"203","1978-11",4.12,76.5714285714286,57,66.7857142857143,18,1978,11
"204","1978-12",5.77,64.5142857142857,44.0285714285714,54.2714285714286,26,1978,12
"205","1979-01",5.52,53.9642857142857,36.5714285714286,45.2678571428572,16,1979,1
"206","1979-02",4.77,57.9285714285714,41.3214285714286,49.625,38,1979,2
"207","1979-03",7.93,72.2,51.5142857142857,61.8571428571428,34,1979,3
"208","1979-04",4.79,78,61.7857142857143,69.8928571428571,26,1979,4
"209","1979-05",4.01,81.7857142857143,62.75,72.2678571428572,26,1979,5
"210","1979-06",8.81,88.5142857142857,71.0857142857143,79.8,30,1979,6
"211","1979-07",17.26,89.5714285714286,74.7142857142857,82.1428571428572,16,1979,7
"212","1979-08",3.01,90.8214285714286,73.9642857142857,82.3928571428572,19,1979,8
"213","1979-09",17.48,86.0857142857143,69.9428571428571,78.0142857142857,20,1979,9
"214","1979-10",1.01,84.3928571428571,60.1071428571429,72.25,8,1979,10
"215","1979-11",6.27,71.8214285714286,48.6428571428572,60.2321428571429,15,1979,11
"216","1979-12",2.38,64.8,42.3714285714286,53.5857142857143,32,1979,12
"217","1980-01",7.34,64.1428571428572,46.75,55.4464285714286,12,1980,1
"218","1980-02",1.83,61.2142857142857,43.4285714285714,52.3214285714286,23,1980,2
"219","1980-03",4.51,70.7428571428571,51.7714285714286,61.2571428571429,20,1980,3
"220","1980-04",2.22,76.6785714285714,55,65.8392857142857,30,1980,4
"221","1980-05",4.68,84.8571428571428,67,75.9285714285714,32,1980,5
"222","1980-06",1.87,92.8928571428571,73.2142857142857,83.0535714285714,17,1980,6
"223","1980-07",1.06,97.1428571428571,76.2142857142857,86.6785714285714,12,1980,7
"224","1980-08",2.16,93.4571428571428,75.2,84.3285714285714,22,1980,8
"225","1980-09",6.5,91.3928571428571,74.1428571428572,82.7678571428572,27,1980,9
"226","1980-10",2.67,82.1071428571428,60.25,71.1785714285714,13,1980,10
"227","1980-11",3.03,68.6571428571428,47.6857142857143,58.1714285714286,16,1980,11
"228","1980-12",1.83,64.9642857142857,45.4285714285714,55.1964285714286,23,1980,12
"229","1981-01",3.56,61.7714285714286,39.6,50.6857142857143,19,1981,1
"230","1981-02",3.18,64.0714285714286,44.1785714285714,54.125,45,1981,2
"231","1981-03",1.29,70.4642857142857,51.25,60.8571428571428,23,1981,3
"232","1981-04",2.12,81.25,62.7142857142857,71.9821428571428,22,1981,4
"233","1981-05",11.13,83.7428571428571,66.3714285714286,75.0571428571429,30,1981,5
"234","1981-06",14.51,88.6071428571428,74.1785714285714,81.3928571428571,15,1981,6
"235","1981-07",5.74,91.8571428571429,74.7142857142857,83.2857142857143,12,1981,7
"236","1981-08",12.03,91.9714285714286,75.1142857142857,83.5428571428571,19,1981,8
"237","1981-09",10.61,87.0357142857143,69.9285714285714,78.4821428571428,19,1981,9
"238","1981-10",12.52,81.6285714285714,64.3428571428571,72.9857142857143,13,1981,10
"239","1981-11",0.95,74.6785714285714,53.75,64.2142857142857,14,1981,11
"240","1981-12",2.62,65.6785714285714,46.1785714285714,55.9285714285714,10,1981,12
"241","1982-01",4.11,63.8285714285714,43.8285714285714,53.8285714285714,20,1982,1
"242","1982-02",3.66,61.1428571428572,43.8928571428572,52.5178571428572,35,1982,2
"243","1982-03",2.28,72.6071428571429,55.1071428571428,63.8571428571428,20,1982,3
"244","1982-04",3.58,74.2142857142857,58.6071428571428,66.4107142857143,27,1982,4
"245","1982-05",6.53,82.4285714285714,65.5142857142857,73.9714285714286,26,1982,5
"246","1982-06",6.29,91.6785714285714,72,81.8392857142857,18,1982,6
"247","1982-07",1.51,92.9428571428572,74.4571428571428,83.7,39,1982,7
"248","1982-08",4.76,93.4642857142857,75.2857142857143,84.375,13,1982,8
"249","1982-09",1.89,90.7857142857143,72.75,81.7678571428572,26,1982,9
"250","1982-10",1.7,81.2571428571429,62.1142857142857,71.6857142857143,49,1982,10
"251","1982-11",6.11,71.7142857142857,53.8928571428572,62.8035714285714,13,1982,11
"252","1982-12",4.81,68.7857142857143,49.3214285714286,59.0535714285715,30,1982,12
"253","1983-01",2.99,58.6857142857143,41.9714285714286,50.3285714285714,30,1983,1
"254","1983-02",6.64,62.6785714285714,45.9285714285714,54.3035714285714,51,1983,2
"255","1983-03",3.67,69.25,48.1785714285714,58.7142857142857,53,1983,3
"256","1983-04",0.41,74.0285714285714,55.2571428571429,64.6428571428571,38,1983,4
"257","1983-05",5.5,82.3571428571429,64.9642857142857,73.6607142857143,23,1983,5
"258","1983-06",3.84,87.3571428571428,69.8571428571429,78.6071428571428,19,1983,6
"259","1983-07",7.79,90.7714285714286,74.4571428571429,82.6142857142857,46,1983,7
"260","1983-08",11.87,90.1428571428572,75.0714285714286,82.6071428571429,20,1983,8
"261","1983-09",9,86.6071428571428,71.1071428571429,78.8571428571428,18,1983,9
"262","1983-10",2.53,81.8571428571429,63.0571428571429,72.4571428571429,42,1983,10
"263","1983-11",3.79,74.7142857142857,56.9285714285714,65.8214285714286,20,1983,11
"264","1983-12",3.98,56.4,39.0285714285715,47.7142857142857,19,1983,12
"265","1984-01",3.98,55.8571428571428,40.1428571428572,48,47,1984,1
"266","1984-02",2.86,67.0357142857143,46.9642857142857,57,51,1984,2
"267","1984-03",2.39,70.8285714285714,52.5142857142857,61.6714285714286,66,1984,3
"268","1984-04",0.13,80.3571428571428,58.6428571428571,69.5,34,1984,4
"269","1984-05",2.39,85.8571428571429,67.8571428571429,76.8571428571429,28,1984,5
"270","1984-06",3.03,87.7142857142857,70.1142857142857,78.9142857142857,28,1984,6
"271","1984-07",4.82,91.8571428571429,73.3214285714286,82.5892857142857,18,1984,7
"272","1984-08",7.64,90.3571428571429,73.3214285714286,81.8392857142857,12,1984,8
"273","1984-09",5.39,86.7142857142857,70.6571428571429,78.6857142857143,32,1984,9
"274","1984-10",10.84,81.4642857142857,66.5714285714286,74.0178571428572,29,1984,10
"275","1984-11",2.65,73.3571428571428,54.8928571428572,64.125,22,1984,11
"276","1984-12",2.51,72.2571428571429,55.4285714285714,63.8428571428571,27,1984,12
"277","1985-01",2.78,57.1785714285714,39.5357142857143,48.3571428571428,38,1985,1
"278","1985-02",5.74,60.6785714285714,43.2142857142857,51.9464285714286,63,1985,2
"279","1985-03",7.16,72.5142857142857,58.6571428571429,65.5857142857143,68,1985,3
"280","1985-04",0.87,79.0357142857143,61.7857142857143,70.4107142857143,47,1985,4
"281","1985-05",1.52,84.8928571428571,69.0357142857143,76.9642857142857,32,1985,5
"282","1985-06",4.86,89.6285714285714,73.6571428571429,81.6428571428571,36,1985,6
"283","1985-07",3.47,89.2142857142857,72.75,80.9821428571428,25,1985,7
"284","1985-08",2.37,92.3142857142857,74.0857142857143,83.2,32,1985,8
"285","1985-09",2.99,88.5,73.1428571428572,80.8214285714285,27,1985,9
"286","1985-10",4.86,81.75,67.4642857142858,74.6071428571428,21,1985,10
"287","1985-11",9.36,73.8,59.8285714285714,66.8142857142857,33,1985,11
"288","1985-12",2.65,60.9285714285714,43.1785714285714,52.0535714285714,22,1985,12
"289","1986-01",1.11,65.3214285714286,46.6071428571429,55.9642857142857,18,1986,1
"290","1986-02",2.71,68.7142857142857,51.7142857142857,60.2142857142857,28,1986,2
"291","1986-03",1.5,75.2857142857143,53.8,64.5428571428571,84,1986,3
"292","1986-04",1.08,79.2857142857143,62,70.6428571428572,48,1986,4
"293","1986-05",3.9,83.3714285714286,68.3142857142857,75.8428571428571,42,1986,5
"294","1986-06",10.1,88.7142857142857,74.1071428571428,81.4107142857143,20,1986,6
"295","1986-07",0.23,93.6428571428572,75.5357142857143,84.5892857142857,26,1986,7
"296","1986-08",4.75,92.4857142857143,75.2285714285714,83.8571428571429,37,1986,8
"297","1986-09",6.34,88.3214285714286,75.6428571428572,81.9821428571428,28,1986,9
"298","1986-10",5.98,79.5357142857143,65.5,72.5178571428572,30,1986,10
"299","1986-11",9.48,71.2285714285714,57.2285714285714,64.2285714285714,38,1986,11
"300","1986-12",6.64,60.1071428571428,47.3214285714286,53.7142857142857,28,1986,12
"301","1987-01",2.82,60.1714285714286,43.7142857142857,51.9428571428571,70,1987,1
"302","1987-02",4.45,64.5,49.1785714285714,56.8392857142857,39,1987,2
"303","1987-03",0.41,71.8214285714286,51.6071428571429,61.7142857142857,39,1987,3
"304","1987-04",0.06,77.8928571428572,52.2857142857143,65.0892857142857,22,1987,4
"305","1987-05",6.16,84.6857142857143,68.3714285714286,76.5285714285714,45,1987,5
"306","1987-06",7.59,88.3571428571428,74.4285714285714,81.3928571428571,22,1987,6
"307","1987-07",10.37,90.3214285714286,76.0714285714286,83.1964285714286,19,1987,7
"308","1987-08",1.16,94.3428571428571,76.7142857142857,85.5285714285714,41,1987,8
"309","1987-09",3.42,88.5,70.9285714285714,79.7142857142857,36,1987,9
"310","1987-10",1.23,79.9142857142857,60.5714285714286,70.2428571428571,26,1987,10
"311","1987-11",3.06,71.8214285714286,52.4642857142857,62.1428571428572,26,1987,11
"312","1987-12",2.85,66.7857142857143,49.5714285714286,58.1785714285714,41,1987,12
"313","1988-01",1.66,56.6857142857143,39.9428571428571,48.3142857142857,51,1988,1
"314","1988-02",0.63,63.0357142857143,45.5357142857143,54.2857142857143,90,1988,2
"315","1988-03",3.41,70.9642857142857,51.7142857142857,61.3392857142857,42,1988,3
"316","1988-04",3.81,77.4,58.3142857142857,67.8571428571428,52,1988,4
"317","1988-05",0.43,83.6428571428572,63.9642857142858,73.8035714285714,26,1988,5
"318","1988-06",2.58,88.1785714285714,70.6785714285714,79.4285714285714,35,1988,6
"319","1988-07",3.92,90.8571428571429,75.0571428571429,82.9571428571428,41,1988,7
"320","1988-08",1.15,93.6071428571429,76.6785714285714,85.1428571428572,32,1988,8
"321","1988-09",3.06,88.9642857142857,73.1785714285714,81.0714285714286,22,1988,9
"322","1988-10",3.3,82.8285714285714,64.2285714285714,73.5285714285714,49,1988,10
"323","1988-11",2.05,76.9642857142857,58.8214285714286,67.8928571428572,27,1988,11
"324","1988-12",1.17,66.3428571428571,47.2571428571429,56.8,80,1988,12
"325","1989-01",5.44,66.25,49.7142857142857,57.9821428571428,30,1989,1
"326","1989-02",1.51,60.25,46.3571428571429,53.3035714285714,42,1989,2
"327","1989-03",1.7,68.9642857142857,49.7142857142857,59.3392857142857,46,1989,3
"328","1989-04",1.33,78.1714285714286,61.2,69.6857142857143,45,1989,4
"329","1989-05",6.68,84.9285714285714,69.3928571428572,77.1607142857143,29,1989,5
"330","1989-06",8.99,88.3928571428572,73.0357142857143,80.7142857142857,25,1989,6
"331","1989-07",10.55,87.9428571428571,75.1714285714286,81.5571428571429,19,1989,7
"332","1989-08",9.94,88.9285714285714,74.3571428571429,81.6428571428572,23,1989,8
"333","1989-09",0.65,87.7714285714286,71.3142857142857,79.5428571428571,27,1989,9
"334","1989-10",0.16,82.25,61.3571428571428,71.8035714285714,18,1989,10
"335","1989-11",4.93,73.5,56.4642857142857,64.9821428571428,21,1989,11
"336","1989-12",1.26,57.7428571428571,38.5142857142857,48.1285714285714,78,1989,12
"337","1990-01",2.68,65.7142857142857,52.0357142857143,58.875,72,1990,1
"338","1990-02",3.6,68.25,51.5357142857143,59.8928571428572,72,1990,2
"339","1990-03",5.61,71.7428571428571,56.2,63.9714285714286,90,1990,3
"340","1990-04",4.37,77.25,61.1071428571429,69.1785714285714,72,1990,4
"341","1990-05",3.76,84.0357142857143,70.3571428571428,77.1964285714286,72,1990,5
"342","1990-06",2.1,93.0857142857143,75.9714285714286,84.5285714285714,90,1990,6
"343","1990-07",1.85,90.3571428571429,74.8214285714286,82.5892857142857,72,1990,7
"344","1990-08",0.75,93.25,75.1428571428571,84.1964285714286,72,1990,8
"345","1990-09",6.05,90.0285714285714,73.3714285714286,81.7,90,1990,9
"346","1990-10",2.83,80.4642857142857,60.3214285714285,70.3928571428571,72,1990,10
"347","1990-11",2.87,74.9642857142857,53.8214285714286,64.3928571428572,81,1990,11
"348","1990-12",2.87,66.6,48.7142857142857,57.6571428571428,139,1990,12
"349","1991-01",9.48,57.2857142857143,42.8571428571428,50.0714285714286,142,1991,1
"350","1991-02",5.36,67.0357142857143,50.1785714285714,58.6071428571428,143,1991,2
"351","1991-03",2.38,72.3714285714286,55.6857142857143,64.0285714285714,182,1991,3
"352","1991-04",10.25,79.25,65.5714285714286,72.4107142857143,105,1991,4
"353","1991-05",7.65,84.5357142857143,70.2142857142857,77.375,109,1991,5
"354","1991-06",11.76,89.5714285714286,74.3428571428571,81.9571428571429,132,1991,6
"355","1991-07",1.42,92.1785714285714,76.6071428571428,84.3928571428572,107,1991,7
"356","1991-08",2.84,92.4857142857143,76.5428571428571,84.5142857142857,91,1991,8
"357","1991-09",8.53,86.9642857142857,71.6428571428572,79.3035714285714,109,1991,9
"358","1991-10",0.01,84.5,64.0357142857143,74.2678571428571,144,1991,10
"359","1991-11",6.65,70.2285714285714,52.4857142857143,61.3571428571429,140,1991,11
"360","1991-12",7.03,66.0357142857143,53.5,59.7678571428571,136,1991,12
"361","1992-01",5.9,61.2142857142857,45.4642857142857,53.3392857142857,149,1992,1
"362","1992-02",8.9,67.8285714285714,52.5714285714286,60.2,205,1992,2
"363","1992-03",4.15,74.1785714285714,56.7142857142857,65.4464285714286,172,1992,3
"364","1992-04",4.51,77.6071428571429,60.5714285714286,69.0892857142857,96,1992,4
"365","1992-05",7.83,81.9142857142857,65.6285714285714,73.7714285714286,175,1992,5
"366","1992-06",4.85,90.3928571428572,73.6071428571428,82,112,1992,6
"367","1992-07",4.64,91.6785714285714,76,83.8392857142857,133,1992,7
"368","1992-08",3.92,90.1142857142857,73.7428571428571,81.9285714285714,139,1992,8
"369","1992-09",4.62,88.75,73.2142857142857,80.9821428571429,104,1992,9
"370","1992-10",1.47,82.9428571428572,62.5428571428571,72.7428571428571,171,1992,10
"371","1992-11",9.74,66.7857142857143,50,58.3928571428572,101,1992,11
"372","1992-12",3.92,64.7142857142857,48.25,56.4821428571429,142,1992,12
"373","1993-01",6.67,64.0857142857143,48.3428571428572,56.2142857142857,200,1993,1
"374","1993-02",2.23,66.3928571428571,49.3571428571429,57.875,152,1993,2
"375","1993-03",5.95,69.6428571428571,52.75,61.1964285714286,147,1993,3
"376","1993-04",3.62,75,57.4642857142857,66.2321428571428,117,1993,4
"377","1993-05",6.11,81.4571428571428,65.8571428571429,73.6571428571428,172,1993,5
"378","1993-06",9.03,87.7142857142857,74.5357142857143,81.125,129,1993,6
"379","1993-07",3.75,92.1714285714286,76.4,84.2857142857143,152,1993,7
"380","1993-08",1.11,94.25,76.6071428571428,85.4285714285714,111,1993,8
"381","1993-09",1.5,90.8214285714286,73.4642857142857,82.1428571428571,123,1993,9
"382","1993-10",11.67,81.2285714285714,63.0285714285714,72.1285714285714,138,1993,10
"383","1993-11",7.13,66.5,49.6071428571429,58.0535714285714,112,1993,11
"384","1993-12",2.31,65.1428571428572,48.3928571428572,56.7678571428571,153,1993,12
"385","1994-01",2.62,62.8857142857143,45.5428571428571,54.2142857142857,213,1994,1
"386","1994-02",1.08,64.2857142857143,47.0357142857143,55.6607142857143,162,1994,2
"387","1994-03",1.69,72.8571428571428,55,63.9285714285714,161,1994,3
"388","1994-04",4.26,76.8571428571429,59.3714285714286,68.1142857142857,178,1994,4
"389","1994-05",7.19,83.3214285714286,66.8571428571428,75.0892857142857,110,1994,5
"390","1994-06",7.34,88.6428571428572,73.3928571428572,81.0178571428571,97,1994,6
"391","1994-07",0.36,93.2,75.3714285714286,84.2857142857143,131,1994,7
"392","1994-08",3.82,90.3214285714286,74.0714285714286,82.1964285714286,130,1994,8
"393","1994-09",1.85,88.1071428571428,71.4285714285714,79.7678571428572,101,1994,9
"394","1994-10",19.4,81.8571428571428,63.6857142857143,72.7714285714286,159,1994,10
"395","1994-11",0.32,76.0357142857143,58.0714285714286,67.0535714285714,107,1994,11
"396","1994-12",8.73,66.3714285714286,50.9142857142857,58.6428571428571,170,1994,12
"397","1995-01",6.13,63.9285714285714,46.3214285714286,55.125,146,1995,1
"398","1995-02",1.22,67.1428571428572,47.1071428571429,57.125,185,1995,2
"399","1995-03",5.02,71.1071428571428,54.0357142857143,62.5714285714286,146,1995,3
"400","1995-04",5.37,76.2,57.1714285714286,66.6857142857143,150,1995,4
"401","1995-05",2.83,85.3214285714286,69.2142857142857,77.2678571428572,118.5,1995,5
"402","1995-06",6.63,88.0357142857143,70.8928571428572,79.4642857142857,98,1995,6
"403","1995-07",5.5,92.4,74.9714285714286,83.6857142857143,111,1995,7
"404","1995-08",2.32,91.7857142857143,76.1428571428572,83.9642857142857,83,1995,8
"405","1995-09",4.72,91.4571428571429,73,82.2285714285714,116,1995,9
"406","1995-10",2.07,81.8214285714286,61.5357142857143,71.6785714285714,113,1995,10
"407","1995-11",5.07,72.1428571428571,54.2142857142857,63.1785714285714,72,1995,11
"408","1995-12",6.61,65.6571428571428,48.4571428571429,57.0571428571429,160,1995,12
"409","1996-01",1.74,63.1785714285715,41.5357142857143,52.3571428571429,136,1996,1
"410","1996-02",0.14,67.8214285714286,46.9285714285714,57.375,149,1996,2
"411","1996-03",1.31,68.5714285714286,48.4,58.4857142857143,154,1996,3
"412","1996-04",1.19,79.2142857142858,58.1071428571428,68.6607142857143,148,1996,4
"413","1996-05",0.7,86.1785714285714,68.6071428571429,77.3928571428572,133,1996,5
"414","1996-06",9.35,90.5714285714286,73.4857142857143,82.0285714285714,134,1996,6
"415","1996-07",0.15,93.6785714285714,76.0714285714286,84.875,90,1996,7
"416","1996-08",8.65,90.8857142857143,74.6857142857143,82.7857142857143,151,1996,8
"417","1996-09",6.99,87.8571428571428,72.1071428571428,79.9821428571428,114,1996,9
"418","1996-10",2.25,79.9285714285714,61.8928571428571,70.9107142857143,128,1996,10
"419","1996-11",1.53,74.8285714285714,56.5142857142857,65.6714285714286,147,1996,11
"420","1996-12",1.96,67.3571428571428,48.3928571428572,57.875,127,1996,12
"421","1997-01",3.27,60.75,47.5,54.125,157,1997,1
"422","1997-02",9.94,64.5357142857143,47.4285714285714,55.9821428571428,128,1997,2
"423","1997-03",6.37,72.2857142857143,56.4,64.3428571428571,179,1997,3
"424","1997-04",7.99,73,56.9285714285714,64.9642857142857,98,1997,4
"425","1997-05",10.23,82.0857142857143,65.9428571428571,74.0142857142857,118,1997,5
"426","1997-06",6.08,89.4285714285714,72.9285714285714,81.1785714285714,121,1997,6
"427","1997-07",1.28,93.9642857142857,76.3928571428571,85.1785714285714,91,1997,7
"428","1997-08",3.42,93.2285714285714,76.3142857142857,84.7714285714286,128,1997,8
"429","1997-09",9.26,89.8928571428572,72.8571428571428,81.375,91,1997,9
"430","1997-10",9.88,81.5714285714286,65.5,73.5357142857143,95,1997,10
"431","1997-11",2.67,68.0857142857143,51.8571428571429,59.9714285714286,143,1997,11
"432","1997-12",7.25,64,45.0357142857143,54.5178571428572,120,1997,12
"433","1998-01",7.47,68.6571428571429,49.6571428571429,59.1571428571429,224,1998,1
"434","1998-02",4.62,66.3214285714285,49,57.6607142857143,147,1998,2
"435","1998-03",2.69,70.2142857142857,52.0357142857143,61.125,130,1998,3
"436","1998-04",0.65,78.8928571428571,59.6071428571428,69.25,123,1998,4
"437","1998-05",0.21,89.4571428571429,69.5428571428571,79.5,149,1998,5
"438","1998-06",0.67,95.6071428571429,77.5357142857143,86.5714285714286,100,1998,6
"439","1998-07",4.03,95.8214285714286,76.4642857142857,86.1428571428572,96,1998,7
"440","1998-08",3.96,94.8571428571429,76.8285714285714,85.8428571428571,125,1998,8
"441","1998-09",11.67,89.5,75.6785714285714,82.5892857142857,100,1998,9
"442","1998-10",9.28,83.5619047619048,67.1095238095238,75.3357142857143,132,1998,10
"443","1998-11",7.04,72.4642857142857,57.25,64.8571428571429,86,1998,11
"444","1998-12",4.03,64.3809523809524,49.1011904761905,56.7410714285714,124,1998,12
"445","1999-01",4.38,68.4285714285714,47.9714285714286,58.2,148,1999,1
"446","1999-02",1.11,72.4285714285714,54.0714285714286,63.25,134,1999,2
"447","1999-03",1.81,73.6071428571429,55.1071428571428,64.3571428571428,139,1999,3
"448","1999-04",2.05,79.3928571428572,63.3214285714286,71.3571428571428,137,1999,4
"449","1999-05",6,85.7428571428572,67.8571428571429,76.8,158,1999,5
"450","1999-06",7.56,87.8214285714286,73.9642857142857,80.8928571428572,103,1999,6
"451","1999-07",3.76,90.8857142857143,75.6285714285714,83.2571428571429,133,1999,7
"452","1999-08",0.61,96.1428571428571,77.0357142857143,86.5892857142857,106,1999,8
"453","1999-09",0.23,91.8571428571428,70.3928571428572,81.125,142,1999,9
"454","1999-10",2.03,82.6571428571429,61.6,72.1285714285715,158,1999,10
"455","1999-11",1.48,76.5357142857143,52.7142857142857,64.625,111,1999,11
"456","1999-12",3.9,66.9285714285714,45.8571428571428,56.3928571428571,152,1999,12
"457","2000-01",2.15,69.2,49.2,59.2,155,2000,1
"458","2000-02",1.44,70.7142857142857,53.1785714285714,61.9464285714286,160,2000,2
"459","2000-03",1.73,75.25,57.4285714285714,66.3392857142857,161,2000,3
"460","2000-04",4.61,79.9142857142857,60.7142857142857,70.3142857142857,153.5,2000,4
"461","2000-05",6.51,85.5357142857143,70.7142857142857,78.125,97,2000,5
"462","2000-06",1.98,89.7142857142857,74.1785714285714,81.9464285714286,101,2000,6
"463","2000-07",1.23,95.6,74.6571428571428,85.1285714285714,148,2000,7
"464","2000-08",2.85,94.4285714285714,74.9285714285714,84.6785714285714,104,2000,8
"465","2000-09",5.09,91.6571428571428,71.2,81.4285714285714,113,2000,9
"466","2000-10",5.66,79.7857142857143,64.0714285714286,71.9285714285714,123,2000,10
"467","2000-11",9.68,69.0357142857143,53.8214285714286,61.4285714285714,91,2000,11
"468","2000-12",2.65,59.6857142857143,42.6857142857143,51.1857142857143,152,2000,12
"469","2001-01",4.2,57.1071428571428,40.75,48.9285714285714,129,2001,1
"470","2001-02",0.81,67.6071428571428,51.3571428571428,59.4821428571429,132,2001,2
"471","2001-03",6.73,68.6857142857143,51,59.8428571428572,146,2001,3
"472","2001-04",0.46,80.4642857142857,65.2142857142857,72.8392857142857,118,2001,4
"473","2001-05",1.44,85.4285714285714,66.3214285714286,75.875,67.5,2001,5
"474","2001-06",25.08,89.0857142857143,73,81.0428571428571,97,2001,6
"475","2001-07",2.77,92.0357142857143,75.6071428571428,83.8214285714286,83,2001,7
"476","2001-08",1.53,93.4642857142857,75.8571428571428,84.6607142857143,102,2001,8
"477","2001-09",19.55,86.0571428571429,71.1142857142857,78.5857142857143,101,2001,9
"478","2001-10",6.16,79.8571428571428,61,70.4285714285714,91,2001,10
"479","2001-11",0.85,76.7857142857143,57.3928571428571,67.0892857142857,66,2001,11
"480","2001-12",12.23,67.2571428571428,49.1714285714286,58.2142857142857,115,2001,12
"481","2002-01",1.49,63.5714285714286,44.4285714285714,54,105.5,2002,1
"482","2002-02",1.91,66.5,46.5714285714286,56.5357142857143,142.5,2002,2
"483","2002-03",3.5,70.9142857142857,51.3714285714286,61.1428571428571,155,2002,3
"484","2002-04",5.39,79.75,64.7857142857143,72.2678571428572,117,2002,4
"485","2002-05",3.44,85.1785714285714,69.0714285714286,77.125,108,2002,5
"486","2002-06",5.02,88.1142857142857,72.5142857142857,80.3142857142857,144,2002,6
"487","2002-07",8.08,90.7857142857143,75.4642857142858,83.125,99,2002,7
"488","2002-08",8.86,91.2857142857143,75.4857142857143,83.3857142857143,113,2002,8
"489","2002-09",3.53,87.9642857142857,72.4642857142857,80.2142857142857,77,2002,9
"490","2002-10",7.98,80.2142857142857,65.8571428571428,73.0357142857143,89,2002,10
"491","2002-11",4.9,70.3714285714286,51.9714285714286,61.1714285714286,118,2002,11
"492","2002-12",3.62,64.3214285714286,46.0714285714286,55.1964285714286,67,2002,12
"493","2003-01",1.99,60.8928571428571,42.0714285714286,51.4821428571428,122,2003,1
"494","2003-02",3.54,63.7142857142857,47.8214285714286,55.7678571428571,115,2003,2
"495","2003-03",1.56,68.6571428571428,52.0285714285714,60.3428571428571,174,2003,3
"496","2003-04",1.61,77.8571428571428,59.8214285714286,68.8392857142857,107,2003,4
"497","2003-05",0.03,88.8,71.2285714285714,80.0142857142857,109,2003,5
"498","2003-06",7.07,90.6071428571428,73.6071428571428,82.1071428571428,106,2003,6
"499","2003-07",5.71,89.75,75.25,82.5,95,2003,7
"500","2003-08",3.97,92.9714285714286,75.6,84.2857142857143,142,2003,8
"501","2003-09",10.43,86.3571428571428,70.8928571428572,78.625,79,2003,9
"502","2003-10",4.21,82.5714285714286,63.7142857142857,73.1428571428572,96.5,2003,10
"503","2003-11",3.19,75.8285714285714,56.2571428571428,66.0428571428572,144,2003,11
"504","2003-12",2.16,65.75,44.1785714285714,54.9642857142857,121,2003,12
"505","2004-01",4.78,63.3142857142857,47.6,55.4571428571429,143,2004,1
"506","2004-02",5.45,61.6071428571429,46,53.8035714285714,116,2004,2
"507","2004-03",1.29,74.3571428571429,59.4285714285714,66.8928571428572,81,2004,3
"508","2004-04",3.25,77.9285714285714,59.25,68.5892857142857,97,2004,4
"509","2004-05",6.85,83.2571428571429,67.1714285714286,75.2142857142857,100,2004,5
"510","2004-06",9.19,88.4285714285714,74.6071428571429,81.5178571428572,70,2004,6
"511","2004-07",3.7,91.3142857142857,75.5428571428571,83.4285714285714,121,2004,7
"512","2004-08",2.14,92.0357142857143,74.5,83.2678571428572,81,2004,8
"513","2004-09",5.21,90.1785714285714,73.8928571428572,82.0357142857143,102,2004,9
"514","2004-10",2.75,86.0285714285714,69.4571428571429,77.7428571428571,121,2004,10
"515","2004-11",10.38,73.4642857142857,56.3571428571428,64.9107142857143,89,2004,11
"516","2004-12",2.03,66.4285714285714,46.8571428571428,56.6428571428571,69,2004,12
"517","2005-01",0.8,67.8857142857143,48.9142857142857,58.4,141,2005,1
"518","2005-02",4.08,65.6071428571429,52.6785714285714,59.1428571428572,129,2005,2
"519","2005-03",3.72,71.4642857142857,52.5714285714286,62.0178571428572,134,2005,3
"520","2005-04",1.09,78.0571428571429,58.5714285714286,68.3142857142857,124,2005,4
"521","2005-05",1.57,85.5357142857143,66.4285714285714,75.9821428571428,87,2005,5
"522","2005-06",0.98,92,73.8928571428572,82.9464285714286,60,2005,6
"523","2005-07",12.96,92.7428571428571,75.5428571428571,84.1428571428571,107,2005,7
"524","2005-08",2.24,93.4642857142857,76.8571428571429,85.1607142857142,78,2005,8
"525","2005-09",1.69,93.1785714285714,75.7857142857143,84.4821428571428,82,2005,9
"526","2005-10",0.72,85,64.8857142857143,74.9428571428572,136,2005,10
"527","2005-11",3.61,76.9642857142857,56.6785714285714,66.8214285714286,105,2005,11
"528","2005-12",2.28,66.2285714285714,45.4285714285714,55.8285714285714,120,2005,12
"529","2006-01",1.92,70.5,49.7857142857143,60.1428571428572,135,2006,1
"530","2006-02",1.62,67.3928571428572,47.1071428571428,57.25,96,2006,2
"531","2006-03",0.13,74.7142857142857,56.2142857142857,65.4642857142857,84,2006,3
"532","2006-04",3.58,81.2857142857143,63.7142857142857,72.5,77,2006,4
"533","2006-05",1.29,86.6428571428572,66.8928571428572,76.7678571428572,62,2006,5
"534","2006-06",15.71,88.8571428571429,72.25,80.5535714285714,28,2006,6
"535","2006-07",7.76,89.8,74.7714285714286,82.2857142857143,58,2006,7
"536","2006-08",2.95,92.2857142857143,76.8214285714286,84.5535714285714,91,2006,8
"537","2006-09",3.1,89.2285714285714,71.3428571428572,80.2857142857143,64,2006,9
"538","2006-10",19.26,83.1071428571428,65.3571428571428,74.2321428571428,46,2006,10
"539","2006-11",0.37,74.5714285714286,52.7857142857143,63.6785714285714,45,2006,11
"540","2006-12",4.45,67.1714285714286,49.8,58.4857142857143,66,2006,12
"541","2007-01",6.53,60.25,45.5714285714286,52.9107142857143,67,2007,1
"542","2007-02",1.53,62.5,44.9285714285714,53.7142857142857,63.5,2007,2
"543","2007-03",8.8,75.5142857142857,57.8,66.6571428571429,105,2007,3
"544","2007-04",4.68,75.7857142857143,58.5,67.1428571428571,63,2007,4
"545","2007-05",6.33,84.3928571428571,68.6428571428572,76.5178571428572,45,2007,5
"546","2007-06",8.95,89.1714285714286,74.5428571428571,81.8571428571429,104,2007,6
"547","2007-07",9.93,88.25,75.3571428571429,81.8035714285714,90,2007,7
"548","2007-08",5.36,93.6428571428571,78.4285714285714,86.0357142857143,94,2007,8
"549","2007-09",7.34,90.4571428571429,74.6857142857143,82.5714285714286,87,2007,9
"550","2007-10",2.64,85.3214285714286,65.75,75.5357142857143,63,2007,10
"551","2007-11",4.26,76.6428571428571,57.5714285714286,67.1071428571428,68,2007,11
"552","2007-12",1.71,69.8,49.3714285714286,59.5857142857143,83,2007,12
"553","2008-01",6.4,62.7857142857143,45.7142857142857,54.25,88,2008,1
"554","2008-02",4.13,70.9285714285714,50.4285714285714,60.6785714285714,111,2008,2
"555","2008-03",2.89,74.2285714285714,53.4571428571429,63.8428571428571,127,2008,3
"556","2008-04",1.95,80.75,63.1428571428572,71.9464285714286,90,2008,4
"557","2008-05",1,86.7714285714286,69.7428571428572,78.2571428571429,92,2008,5
"558","2008-06",7.69,93.5,75.8571428571428,84.6785714285714,82,2008,6
"559","2008-07",4.54,92.6071428571428,76.3571428571429,84.4821428571428,69,2008,7
"560","2008-08",8.27,91.9142857142857,75.8571428571429,83.8857142857143,71,2008,8
"561","2008-09",10.95,87.8214285714286,71.4285714285714,79.625,55,2008,9
"562","2008-10",2.62,83,62.9285714285715,72.9642857142857,69,2008,10
"563","2008-11",4.97,74.2857142857143,53.1142857142857,63.7,86,2008,11
"564","2008-12",0.85,66.8928571428572,47.3214285714286,57.1071428571428,73,2008,12
"565","2009-01",0.37,66.8,43.9142857142857,55.3571428571429,96,2009,1
"566","2009-02",1.18,71.8214285714286,52.2857142857143,62.0535714285714,108,2009,2
"567","2009-03",2.45,72.9642857142857,54.3571428571428,63.6607142857143,75,2009,3
"568","2009-04",13.25,77.25,58,67.625,80,2009,4
"569","2009-05",3.06,86.1428571428571,70.5428571428572,78.3428571428571,84,2009,5
"570","2009-06",1.07,94.0714285714286,74.1785714285714,84.125,81,2009,6
"571","2009-07",3.84,96.7857142857143,77.1071428571429,86.9464285714286,60,2009,7
"572","2009-08",1.7,95.4571428571429,77.3714285714286,86.4142857142857,78,2009,8
"573","2009-09",5.15,87.4285714285714,72.9285714285714,80.1785714285714,62,2009,9
"574","2009-10",11.65,81.5142857142857,64.7428571428571,73.1285714285714,67,2009,10
"575","2009-11",1.39,72.7857142857143,53,62.8928571428571,102,2009,11
"576","2009-12",6.49,60.75,45.0357142857143,52.8928571428572,79,2009,12
"577","2010-01",3.26,58.8857142857143,40.9428571428571,49.9142857142857,106,2010,1
"578","2010-02",3.38,56.8214285714286,40.75,48.7857142857143,73,2010,2
"579","2010-03",2.03,68.5714285714286,49.4642857142857,59.0178571428571,57,2010,3
"580","2010-04",1.02,76.4642857142857,60.5357142857143,68.5,59,2010,4
"581","2010-05",1.75,86.8857142857143,68.6571428571429,77.7714285714286,55,2010,5
"582","2010-06",3.74,91.9285714285714,76.25,84.0892857142857,29,2010,6
"583","2010-07",14.08,90.8285714285714,77.1142857142857,83.9714285714286,43,2010,7
"584","2010-08",0.43,96,78.25,87.125,42,2010,8
"585","2010-09",7.12,89.8928571428571,75.8214285714286,82.8571428571428,71,2010,9
"586","2010-10",0.55,84.3428571428571,62.2571428571429,73.3,154,2010,10
"587","2010-11",4.56,72,52.9642857142857,62.4821428571429,60,2010,11
"588","2010-12",1.58,67.3928571428571,46.8571428571428,57.125,94,2010,12
"589","2011-01",8.45,62.3142857142857,45,53.6571428571428,49,2011,1
"590","2011-02",0.44,66.5,46.0357142857143,56.2678571428572,22,2011,2
"591","2011-03",0.78,77.2142857142857,58.5714285714285,67.8928571428571,43,2011,3
"592","2011-04",0,83.2285714285714,64.8571428571429,74.0428571428571,69,2011,4
"593","2011-05",0.18,87.2857142857143,68.3214285714286,77.8035714285714,72,2011,5
"594","2011-06",1.79,95.3214285714286,75.8214285714286,85.5714285714286,62,2011,6
"595","2011-07",3.27,95.5714285714285,77.4857142857143,86.5285714285714,71,2011,7
"596","2011-08",0.79,99.4642857142858,78.5714285714286,89.0178571428572,21,2011,8
"597","2011-09",1.58,94.6428571428571,72.2142857142857,83.4285714285714,11,2011,9
"598","2011-10",5.5,84.8857142857143,64.6,74.7428571428571,36,2011,10
"599","2011-11",2.85,75.8214285714286,56.6785714285714,66.25,24,2011,11
"600","2011-12",4.21,63.5428571428571,47.3714285714286,55.4571428571429,21,2011,12
"601","2012-01",5.15,69.3928571428572,50.2857142857143,59.8392857142857,23,2012,1
"602","2012-02",7.04,66.5714285714286,52.5,59.5357142857143,28,2012,2
"603","2012-03",4.99,77.2857142857143,60.8571428571429,69.0714285714286,25,2012,3
"604","2012-04",2.05,82.5357142857143,64.3928571428572,73.4642857142857,21,2012,4
"605","2012-05",7.04,86.3214285714285,70,78.1607142857143,26,2012,5
"606","2012-06",3.18,92.3142857142857,75.2285714285714,83.7714285714286,30,2012,6
"607","2012-07",8.16,89.4285714285714,75.8928571428572,82.6607142857143,19,2012,7
"608","2012-08",3.01,93.6428571428571,77.5714285714286,85.6071428571429,41,2012,8
"609","2012-09",4.01,89.9428571428571,72.2,81.0714285714286,46,2012,9
"610","2012-10",0.7,81.6071428571429,62.0714285714286,71.8392857142857,48,2012,10
"611","2012-11",0.55,76.5714285714286,53.1428571428572,64.8571428571428,51,2012,11
"612","2012-12",2.9,71.7142857142857,51.7857142857143,61.75,41,2012,12
"613","2013-01",4.08,63.8214285714286,45.9285714285714,54.875,73,2013,1
"614","2013-02",1.73,70.3214285714286,52.4285714285714,61.375,63,2013,2
"615","2013-03",0.56,71.8285714285714,51,61.4142857142857,67,2013,3
"616","2013-04",9.92,75.7857142857143,56.9642857142857,66.375,49,2013,4
"617","2013-05",3.21,82.3928571428572,65.1428571428572,73.7678571428571,63,2013,5
"618","2013-06",1.37,93.0571428571428,75.1714285714286,84.1142857142857,41,2013,6
"619","2013-07",1.55,93.7857142857143,75.9642857142857,84.875,47,2013,7
"620","2013-08",1.5,94.7428571428571,75.6857142857143,85.2142857142857,58,2013,8
"621","2013-09",5.57,91.25,75.0357142857143,83.1428571428571,46,2013,9
"622","2013-10",5.1,81.9285714285714,64.3571428571428,73.1428571428572,39,2013,10
"623","2013-11",8.65,69.9714285714286,52.8,61.3857142857143,69,2013,11
"624","2013-12",0.87,62.2142857142858,44,53.1071428571428,65,2013,12
"625","2014-01",0.49,62.4642857142857,39.9285714285714,51.1964285714286,73,2014,1
"626","2014-02",1.63,62.6071428571429,44.7857142857143,53.6964285714286,57,2014,2
"627","2014-03",3.04,68.8285714285714,50.5142857142857,59.6714285714286,87,2014,3
"628","2014-04",1.3,77.0714285714286,59.4642857142857,68.2678571428572,42,2014,4
"629","2014-05",10.38,83.4571428571429,65.4571428571429,74.4571428571429,59,2014,5
"630","2014-06",2.98,89.5714285714286,74.8214285714286,82.1964285714286,50,2014,6
"631","2014-07",1.12,91.75,75.6071428571429,83.6785714285714,58,2014,7
"632","2014-08",2.08,93.7142857142857,76.7428571428571,85.2285714285714,58,2014,8
"633","2014-09",6.12,88.25,73.9285714285714,81.0892857142857,41,2014,9
"634","2014-10",2.93,85.0357142857143,65.3928571428572,75.2142857142857,38,2014,10
"635","2014-11",4.44,70.1428571428571,51.4857142857143,60.8142857142857,52,2014,11
"636","2014-12",4.03,68.2857142857143,52.7142857142857,60.5,51,2014,12
"637","2015-01",5.71,57.9428571428572,42.0285714285714,49.9857142857143,97,2015,1
"638","2015-02",0.75,63.3214285714285,44.5714285714286,53.9464285714286,68,2015,2
"639","2015-03",6.38,70.6785714285714,54.5714285714286,62.625,30,2015,3
"640","2015-04",8.07,80.5357142857143,66.1428571428572,73.3392857142857,52,2015,4
"641","2015-05",14.53,84.0285714285714,69.2,76.6142857142857,59,2015,5
"642","2015-06",3.74,90.2142857142857,74.8571428571428,82.5357142857143,37,2015,6
"643","2015-07",3.7,93.6071428571429,76.5,85.0535714285714,39,2015,7
"644","2015-08",10.76,95.8285714285714,76.1714285714286,86,56,2015,8
"645","2015-09",3.1,88.8571428571429,73.5238095238095,81.1904761904762,28,2015,9
"646","2015-10",14.4,84.2857142857143,66.2285714285714,75.2571428571429,48,2015,10
"647","2015-11",1.89,74.9523809523809,58.7142857142857,66.8333333333333,18,2015,11
"648","2015-12",2.71,71.8928571428571,53.2857142857143,62.5892857142858,42,2015,12
"649","2016-01",3.34,62.7714285714286,43.8571428571429,53.3142857142857,70,2016,1
"650","2016-02",1.66,71.25,49.7857142857143,60.5178571428572,80,2016,2
"651","2016-03",4.05,76.1428571428571,58.0357142857143,67.0892857142857,40,2016,3
"652","2016-04",9.04,79.8928571428572,65.3214285714286,72.6071428571428,78,2016,4
"653","2016-05",7.59,84.8928571428572,68.4285714285714,76.6607142857143,64,2016,5
"654","2016-06",8.2,90.1428571428572,74.6428571428572,82.3928571428571,69,2016,6
"655","2016-07",6.03,94.8285714285714,78.2571428571429,86.5428571428571,86,2016,7
"656","2016-08",7.56,93.0357142857143,77.2857142857143,85.1607142857143,61,2016,8
"657","2016-09",2.58,91.8928571428571,76.8214285714286,84.3571428571428,83,2016,9
"658","2016-10",0.4,86.7142857142857,68.4285714285714,77.5714285714286,18,2016,10
